{
  "summary": {
    "timestamp": "20241110_223524",
    "total_epochs": 10,
    "gradient_stats": {
      "mean": 2.956002622434398,
      "std": 2.2044197703789155,
      "max": 14.536940260979712,
      "min": 0.5424105987124821
    }
  },
  "epochs": [
    {
      "epoch": 1,
      "training": {
        "output_distribution": {
          "mean": -1.280255675315857,
          "std": 1.5947812795639038,
          "max": 1.936646580696106,
          "min": -5.300670623779297,
          "histogram": [
            2,
            4,
            3,
            1,
            4,
            5,
            4,
            2,
            6,
            8,
            14,
            9,
            12,
            12,
            12,
            8,
            6,
            5,
            1,
            2
          ]
        }
      },
      "validation": {
        "output_distribution": {
          "mean": -0.30997222661972046,
          "std": 0.2971400022506714,
          "max": 0.08177749812602997,
          "min": -0.8669984340667725,
          "histogram": [
            2,
            2,
            2,
            2,
            7,
            17,
            16,
            9,
            2,
            1,
            0,
            0,
            0,
            0,
            0,
            0,
            3,
            41,
            10,
            6
          ]
        }
      },
      "gradients": {
        "mean": 5.482974022418556,
        "std": 5.23960449595411,
        "max": 14.536940260979712,
        "min": 2.0698641855928974
      }
    },
    {
      "epoch": 2,
      "training": {
        "output_distribution": {
          "mean": -0.793878436088562,
          "std": 1.0077182054519653,
          "max": 2.9136667251586914,
          "min": -3.2350339889526367,
          "histogram": [
            3,
            2,
            5,
            2,
            9,
            10,
            12,
            20,
            14,
            10,
            14,
            10,
            3,
            3,
            2,
            0,
            0,
            0,
            0,
            1
          ]
        }
      },
      "validation": {
        "output_distribution": {
          "mean": -0.35634544491767883,
          "std": 0.2552677094936371,
          "max": -0.07498445361852646,
          "min": -0.800869345664978,
          "histogram": [
            2,
            2,
            1,
            1,
            8,
            28,
            18,
            0,
            0,
            0,
            0,
            0,
            0,
            0,
            0,
            0,
            0,
            0,
            8,
            52
          ]
        }
      },
      "gradients": {
        "mean": 1.9298368151323804,
        "std": 0.9178534184222701,
        "max": 3.181612223031707,
        "min": 0.6937472162132627
      }
    },
    {
      "epoch": 3,
      "training": {
        "output_distribution": {
          "mean": -0.8252255916595459,
          "std": 1.0366191864013672,
          "max": 2.1674935817718506,
          "min": -3.274247169494629,
          "histogram": [
            3,
            1,
            4,
            2,
            5,
            7,
            14,
            13,
            14,
            14,
            14,
            9,
            4,
            2,
            5,
            2,
            2,
            3,
            1,
            1
          ]
        }
      },
      "validation": {
        "output_distribution": {
          "mean": -0.3571576476097107,
          "std": 0.29259899258613586,
          "max": 0.004406348802149296,
          "min": -0.8874872922897339,
          "histogram": [
            2,
            2,
            0,
            4,
            6,
            21,
            23,
            2,
            0,
            0,
            0,
            0,
            0,
            0,
            0,
            0,
            1,
            16,
            36,
            7
          ]
        }
      },
      "gradients": {
        "mean": 3.025203963413231,
        "std": 1.5505386826255687,
        "max": 4.563846206412863,
        "min": 0.5424105987124821
      }
    },
    {
      "epoch": 4,
      "training": {
        "output_distribution": {
          "mean": -0.6338589191436768,
          "std": 0.8510420918464661,
          "max": 1.9633736610412598,
          "min": -3.1264820098876953,
          "histogram": [
            1,
            0,
            1,
            5,
            3,
            6,
            8,
            11,
            12,
            15,
            12,
            15,
            15,
            6,
            3,
            3,
            2,
            0,
            1,
            1
          ]
        }
      },
      "validation": {
        "output_distribution": {
          "mean": -0.2837877571582794,
          "std": 0.2658320963382721,
          "max": 0.1377904862165451,
          "min": -1.05600106716156,
          "histogram": [
            1,
            1,
            2,
            0,
            1,
            1,
            2,
            6,
            6,
            17,
            20,
            3,
            0,
            0,
            0,
            1,
            40,
            13,
            2,
            4
          ]
        }
      },
      "gradients": {
        "mean": 2.384542863600357,
        "std": 0.37570697522687435,
        "max": 2.9660638671051753,
        "min": 2.03459720722612
      }
    },
    {
      "epoch": 5,
      "training": {
        "output_distribution": {
          "mean": -0.6003633737564087,
          "std": 0.8449802994728088,
          "max": 1.2782295942306519,
          "min": -2.748215913772583,
          "histogram": [
            1,
            3,
            1,
            2,
            4,
            4,
            8,
            11,
            7,
            15,
            5,
            9,
            14,
            10,
            7,
            8,
            5,
            1,
            4,
            1
          ]
        }
      },
      "validation": {
        "output_distribution": {
          "mean": -0.28688329458236694,
          "std": 0.1226530522108078,
          "max": -0.06533195078372955,
          "min": -0.6600912809371948,
          "histogram": [
            1,
            0,
            0,
            0,
            2,
            0,
            2,
            4,
            20,
            20,
            5,
            7,
            6,
            4,
            6,
            6,
            13,
            13,
            7,
            4
          ]
        }
      },
      "gradients": {
        "mean": 2.2796462946184834,
        "std": 1.230723795827188,
        "max": 4.328223326607527,
        "min": 1.2506984055535824
      }
    },
    {
      "epoch": 6,
      "training": {
        "output_distribution": {
          "mean": -0.6403957605361938,
          "std": 0.8695293664932251,
          "max": 1.300201416015625,
          "min": -3.4544451236724854,
          "histogram": [
            1,
            1,
            0,
            2,
            3,
            0,
            2,
            4,
            11,
            7,
            13,
            14,
            20,
            11,
            10,
            8,
            3,
            3,
            5,
            2
          ]
        }
      },
      "validation": {
        "output_distribution": {
          "mean": -0.3658965826034546,
          "std": 0.1300279051065445,
          "max": -0.12026713043451309,
          "min": -0.8398205041885376,