{
  "summary": {
    "timestamp": "20241110_223313",
    "total_epochs": 10,
    "gradient_stats": {
      "mean": 1.9393631324856961,
      "std": 1.8323147599648812,
      "max": 11.785010183070396,
      "min": 0.5318482845781747
    }
  },
  "epochs": [
    {
      "epoch": 1,
      "training": {
        "output_distribution": {
          "mean": 0.12066129595041275,
          "std": 0.9648339152336121,
          "max": 2.5739946365356445,
          "min": -2.2864153385162354,
          "histogram": [
            3,
            2,
            1,
            1,
            3,
            5,
            8,
            15,
            18,
            9,
            14,
            6,
            5,
            7,
            9,
            4,
            4,
            5,
            0,
            1
          ]
        }
      },
      "validation": {
        "output_distribution": {
          "mean": 0.18353311717510223,
          "std": 0.19316664338111877,
          "max": 0.48960861563682556,
          "min": -0.07080201804637909,
          "histogram": [
            4,
            12,
            41,
            3,
            0,
            0,
            0,
            0,
            0,
            0,
            0,
            0,
            0,
            0,
            19,
            16,
            14,
            8,
            0,
            3
          ]
        }
      },
      "gradients": {
        "mean": 4.164283981438165,
        "std": 4.401782042308854,
        "max": 11.785010183070396,
        "min": 1.417884064060185
      }
    },
    {
      "epoch": 2,
      "training": {
        "output_distribution": {
          "mean": -0.06100085750222206,
          "std": 0.7661145925521851,
          "max": 2.7197329998016357,
          "min": -2.938189744949341,
          "histogram": [
            1,
            1,
            0,
            1,
            0,
            1,
            7,
            10,
            17,
            20,
            9,
            25,
            23,
            2,
            0,
            0,
            1,
            0,
            0,
            2
          ]
        }
      },
      "validation": {
        "output_distribution": {
          "mean": 0.2616993486881256,
          "std": 0.08826062083244324,
          "max": 0.37186866998672485,
          "min": 0.13439935445785522,
          "histogram": [
            3,
            15,
            7,
            13,
            10,
            4,
            5,
            2,
            0,
            1,
            0,
            0,
            0,
            2,
            1,
            4,
            5,
            15,
            17,
            16
          ]
        }
      },
      "gradients": {
        "mean": 2.4527287930914716,
        "std": 1.5366971895687465,
        "max": 4.076063817821039,
        "min": 0.5318482845781747
      }
    },
    {
      "epoch": 3,
      "training": {
        "output_distribution": {
          "mean": 0.02569601871073246,
          "std": 0.5763372182846069,
          "max": 2.4312283992767334,
          "min": -2.5024023056030273,
          "histogram": [
            1,
            0,
            1,
            0,
            0,
            1,
            2,
            8,
            22,
            18,
            23,
            22,
            15,
            4,
            0,
            2,
            0,
            0,
            0,
            1
          ]
        }
      },
      "validation": {
        "output_distribution": {
          "mean": 0.2726500928401947,
          "std": 0.024333694949746132,
          "max": 0.350638210773468,
          "min": 0.2112230509519577,
          "histogram": [
            2,
            2,
            4,
            6,
            6,
            3,
            12,
            7,
            13,
            14,
            18,
            13,
            12,
            4,
            2,
            0,
            1,
            0,
            0,
            1
          ]
        }
      },
      "gradients": {
        "mean": 1.7493007908035385,
        "std": 1.0093565726663896,
        "max": 3.4962949597560233,
        "min": 1.10626429854462
      }
    },
    {
      "epoch": 4,
      "training": {
        "output_distribution": {
          "mean": -0.0031795939430594444,
          "std": 0.7503411769866943,
          "max": 3.565887451171875,
          "min": -2.8422915935516357,
          "histogram": [
            2,
            0,
            0,
            1,
            0,
            2,
            12,
            23,
            21,
            29,
            19,
            6,
            3,
            0,
            0,
            0,
            0,
            0,
            1,
            1
          ]
        }
      },
      "validation": {
        "output_distribution": {
          "mean": 0.3010225296020508,
          "std": 0.024092430248856544,
          "max": 0.3670799136161804,
          "min": 0.23707342147827148,
          "histogram": [
            1,
            1,
            2,
            2,
            5,
            8,
            10,
            9,
            10,
            14,
            13,
            9,
            11,
            9,
            8,
            3,
            2,
            0,
            2,
            1
          ]
        }
      },
      "gradients": {
        "mean": 1.99855558828908,
        "std": 1.1513988304707743,
        "max": 3.9266428507982676,
        "min": 1.0211476411781095
      }
    },
    {
      "epoch": 5,
      "training": {
        "output_distribution": {
          "mean": 0.008443355560302734,
          "std": 0.487819641828537,
          "max": 1.2287099361419678,
          "min": -1.4822105169296265,
          "histogram": [
            2,
            0,
            1,
            3,
            1,
            1,
            6,
            7,
            13,
            14,
            8,
            9,
            13,
            18,
            11,
            7,
            2,
            2,
            1,
            1
          ]
        }
      },
      "validation": {
        "output_distribution": {
          "mean": 0.27526766061782837,
          "std": 0.056960657238960266,
          "max": 0.4433792531490326,
          "min": 0.16859745979309082,
          "histogram": [
            3,
            3,
            10,
            14,
            7,
            9,
            11,
            9,
            8,
            6,
            12,
            9,
            5,
            4,
            5,
            2,
            1,
            1,
            0,
            1
          ]
        }
      },
      "gradients": {
        "mean": 1.2073432184092332,
        "std": 0.47824739312452325,
        "max": 1.7294446112169048,
        "min": 0.6138521221970361
      }
    },
    {
      "epoch": 6,
      "training": {
        "output_distribution": {
          "mean": -0.042650796473026276,
          "std": 0.6274078488349915,
          "max": 3.4377853870391846,
          "min": -2.4530301094055176,
          "histogram": [
            1,
            0,
            1,
            0,
            2,
            7,
            23,
            17,
            27,
            29,
            9,
            2,
            0,
            0,
            1,
            0,
            0,
            0,
            0,
            1
          ]
        }
      },
      "validation": {
        "output_distribution": {
          "mean": 0.19585634768009186,
          "std": 0.15233905613422394,
          "max": 0.44026732444763184,
          "min": -0.06651877611875534,