{
  "summary": {
    "timestamp": "20241110_222546",
    "total_epochs": 5,
    "gradient_stats": {
      "mean": 2.626790550872493,
      "std": 2.438839420237192,
      "max": 11.670564994034097,
      "min": 0.7837504060920576
    }
  },
  "epochs": [
    {
      "epoch": 1,
      "training": {
        "output_distribution": {
          "mean": -0.01111757755279541,
          "std": 1.4275296926498413,
          "max": 4.290302276611328,
          "min": -3.3173828125,
          "histogram": [
            4,
            3,
            4,
            4,
            5,
            8,
            21,
            18,
            21,
            20,
            21,
            13,
            3,
            2,
            0,
            3,
            3,
            4,
            1,
            2
          ]
        }
      },
      "validation": {
        "output_distribution": {
          "mean": 0.24331393837928772,
          "std": 0.10654532164335251,
          "max": 0.5569902658462524,
          "min": -0.06410887837409973,
          "histogram": [
            2,
            0,
            0,
            2,
            0,
            2,
            6,
            7,
            14,
            10,
            13,
            7,
            7,
            0,
            4,
            2,
            0,
            2,
            1,
            1
          ]
        }
      },
      "gradients": {
        "mean": 2.917087949634471,
        "std": 2.4715807103292984,
        "max": 7.826721580893163,
        "min": 1.1414821533802328
      }
    },
    {
      "epoch": 2,
      "training": {
        "output_distribution": {
          "mean": -0.3015885353088379,
          "std": 0.41779062151908875,
          "max": 0.8976327776908875,
          "min": -1.3721859455108643,
          "histogram": [
            1,
            2,
            6,
            8,
            3,
            8,
            7,
            14,
            26,
            14,
            20,
            13,
            11,
            5,
            14,
            4,
            2,
            1,
            0,
            1
          ]
        }
      },
      "validation": {
        "output_distribution": {
          "mean": 0.36512491106987,
          "std": 0.25558367371559143,
          "max": 0.7989320755004883,
          "min": -0.1041632741689682,
          "histogram": [
            2,
            1,
            1,
            2,
            10,
            11,
            13,
            0,
            0,
            0,
            0,
            0,
            3,
            2,
            9,
            8,
            8,
            5,
            3,
            2
          ]
        }
      },
      "gradients": {
        "mean": 3.616021463860956,
        "std": 4.029988827179585,
        "max": 11.670564994034097,
        "min": 1.3650089598584663
      }
    },
    {
      "epoch": 3,
      "training": {
        "output_distribution": {
          "mean": -0.22335878014564514,
          "std": 0.528448760509491,
          "max": 1.2684640884399414,
          "min": -1.915619969367981,
          "histogram": [
            1,
            0,
            1,
            7,
            1,
            3,
            8,
            8,
            10,
            25,
            24,
            20,
            21,
            9,
            9,
            5,
            3,
            1,
            3,
            1
          ]
        }
      },
      "validation": {
        "output_distribution": {
          "mean": 0.39706891775131226,
          "std": 0.10525748878717422,
          "max": 0.8242168426513672,
          "min": 0.11642534285783768,
          "histogram": [
            2,
            0,
            1,
            2,
            3,
            7,
            9,
            15,
            26,
            5,
            4,
            1,
            1,
            0,
            1,
            1,
            0,
            0,
            1,
            1
          ]
        }
      },
      "gradients": {
        "mean": 2.748510302967793,
        "std": 1.4884882323830115,
        "max": 5.325674949871711,
        "min": 1.2081476574221304
      }
    },
    {
      "epoch": 4,
      "training": {
        "output_distribution": {
          "mean": -0.14419953525066376,
          "std": 0.555583119392395,
          "max": 1.8414124250411987,
          "min": -1.7708414793014526,
          "histogram": [
            2,
            3,
            1,
            2,
            4,
            6,
            16,
            20,
            25,
            27,
            22,
            15,
            6,
            3,
            2,
            2,
            1,
            0,
            1,
            2
          ]
        }
      },
      "validation": {
        "output_distribution": {
          "mean": 0.2957841455936432,
          "std": 0.38424789905548096,
          "max": 1.190232276916504,
          "min": -0.7274265289306641,
          "histogram": [
            2,
            0,
            1,
            1,
            0,
            2,
            5,
            10,
            9,
            10,
            1,
            3,
            9,
            8,
            8,
            6,
            1,
            1,
            1,
            2
          ]
        }
      },
      "gradients": {
        "mean": 2.471885254416836,
        "std": 1.5530748858359227,
        "max": 5.171920783752414,
        "min": 1.1419375199032757
      }
    },
    {
      "epoch": 5,
      "training": {
        "output_distribution": {
          "mean": -0.09680672734975815,
          "std": 0.6584271192550659,
          "max": 2.0255913734436035,
          "min": -1.9735689163208008,
          "histogram": [
            2,
            2,
            1,
            3,
            5,
            8,
            15,
            12,
            23,
            22,
            20,
            17,
            12,
            6,
            4,
            4,
            1,
            1,
            1,
            1
          ]
        }
      },
      "validation": {
        "output_distribution": {
          "mean": 0.29789671301841736,
          "std": 0.34600400924682617,
          "max": 1.1852788925170898,
          "min": -0.7289806604385376,
          "histogram": [
            2,
            0,
            1,
            1,
            1,
            1,
            2,
            6,
            8,
            15,
            3,
            3,
            21,
            4,
            6,
            1,
            2,
            1,
            0,
            2
          ]
        }
      },
      "gradients": {
        "mean": 1.3804477834824098,
        "std": 0.3278667305592321,
        "max": 1.6913186456607476,
        "min": 0.7837504060920576
      }
    }
  ]
}