{
  "summary": {
    "timestamp": "20241110_223035",
    "total_epochs": 3,
    "gradient_stats": {
      "mean": 2.2767750952178893,
      "std": 1.477905625191359,
      "max": 5.728748796153687,
      "min": 0.6956045402331901
    }
  },
  "epochs": [
    {
      "epoch": 1,
      "training": {
        "output_distribution": {
          "mean": -0.026480237022042274,
          "std": 1.2796016931533813,
          "max": 3.7972476482391357,
          "min": -2.1518614292144775,
          "histogram": [
            4,
            8,
            3,
            6,
            16,
            18,
            15,
            16,
            4,
            8,
            4,
            4,
            2,
            1,
            0,
            1,
            6,
            1,
            0,
            3
          ]
        }
      },
      "validation": {
        "output_distribution": {
          "mean": -0.04666045680642128,
          "std": 0.14987626671791077,
          "max": 0.1322810798883438,
          "min": -0.20333175361156464,
          "histogram": [
            60,
            0,
            0,
            0,
            0,
            0,
            0,
            0,
            0,
            0,
            0,
            0,
            0,
            0,
            0,
            0,
            0,
            12,
            46,
            2
          ]
        }
      },
      "gradients": {
        "mean": 1.8431587943056502,
        "std": 0.7105728233371974,
        "max": 2.9509206180090235,
        "min": 1.1980065056291433
      }
    },
    {
      "epoch": 2,
      "training": {
        "output_distribution": {
          "mean": 0.10349567234516144,
          "std": 0.6989808082580566,
          "max": 1.826798677444458,
          "min": -1.2398535013198853,
          "histogram": [
            1,
            0,
            3,
            9,
            13,
            10,
            12,
            20,
            9,
            9,
            3,
            2,
            6,
            3,
            3,
            2,
            6,
            3,
            2,
            4
          ]
        }
      },
      "validation": {
        "output_distribution": {
          "mean": -0.0046633523888885975,
          "std": 0.14761140942573547,
          "max": 0.17524895071983337,
          "min": -0.16902945935726166,
          "histogram": [
            27,
            33,
            0,
            0,
            0,
            0,
            0,
            0,
            0,
            0,
            0,
            0,
            0,
            0,
            0,
            1,
            4,
            18,
            32,
            5
          ]
        }
      },
      "gradients": {
        "mean": 1.8136709981808274,
        "std": 1.3798628235833987,
        "max": 4.17502319654625,
        "min": 0.6956045402331901
      }
    },
    {
      "epoch": 3,
      "training": {
        "output_distribution": {
          "mean": -0.13232259452342987,
          "std": 0.4642651677131653,
          "max": 1.5274591445922852,
          "min": -1.1988097429275513,
          "histogram": [
            3,
            0,
            5,
            5,
            6,
            15,
            15,
            21,
            14,
            9,
            7,
            6,
            4,
            3,
            2,
            3,
            1,
            0,
            0,
            1
          ]
        }
      },
      "validation": {
        "output_distribution": {
          "mean": -0.08495935052633286,
          "std": 0.22162491083145142,
          "max": 0.159517303109169,
          "min": -0.3324093520641327,
          "histogram": [
            28,
            28,
            4,
            0,
            0,
            0,
            0,
            0,
            0,
            0,
            0,
            0,
            0,
            0,
            0,
            2,
            2,
            2,
            14,
            40
          ]
        }
      },
      "gradients": {
        "mean": 3.1734954931671906,
        "std": 1.7137922827857985,
        "max": 5.728748796153687,
        "min": 1.4047758364065634
      }
    }
  ]
}