{
  "summary": {
    "timestamp": "20241110_222959",
    "total_epochs": 3,
    "gradient_stats": {
      "mean": 2.21768794083605,
      "std": 1.3597292743597145,
      "max": 6.074546624407736,
      "min": 0.7928927145802281
    }
  },
  "epochs": [
    {
      "epoch": 1,
      "training": {
        "output_distribution": {
          "mean": -0.2262226790189743,
          "std": 1.225533366203308,
          "max": 5.472143173217773,
          "min": -2.8036117553710938,
          "histogram": [
            3,
            4,
            5,
            8,
            17,
            22,
            21,
            17,
            12,
            3,
            1,
            0,
            2,
            3,
            0,
            0,
            1,
            0,
            0,
            1
          ]
        }
      },
      "validation": {
        "output_distribution": {
          "mean": 0.02732810191810131,
          "std": 0.15239152312278748,
          "max": 0.23312680423259735,
          "min": -0.17520958185195923,
          "histogram": [
            1,
            18,
            27,
            7,
            3,
            3,
            0,
            1,
            0,
            0,
            1,
            0,
            1,
            3,
            5,
            3,
            7,
            15,
            16,
            9
          ]
        }
      },
      "gradients": {
        "mean": 1.7273038814228432,
        "std": 0.7555530022612584,
        "max": 2.8943549976782164,
        "min": 0.8753863956183257
      }
    },
    {
      "epoch": 2,
      "training": {
        "output_distribution": {
          "mean": 0.02671949192881584,
          "std": 0.8894144892692566,
          "max": 2.403843879699707,
          "min": -4.166190147399902,
          "histogram": [
            1,
            0,
            0,
            0,
            1,
            0,
            0,
            3,
            4,
            2,
            13,
            19,
            18,
            26,
            14,
            8,
            5,
            2,
            2,
            2
          ]
        }
      },
      "validation": {
        "output_distribution": {
          "mean": 0.14746800065040588,
          "std": 0.6084562540054321,
          "max": 0.8170939087867737,
          "min": -0.5269651412963867,
          "histogram": [
            41,
            13,
            5,
            1,
            0,
            0,
            0,
            0,
            0,
            0,
            0,
            0,
            0,
            0,
            0,
            0,
            0,
            3,
            22,
            35
          ]
        }
      },
      "gradients": {
        "mean": 3.0403810380665925,
        "std": 1.7668560373154674,
        "max": 6.074546624407736,
        "min": 1.7225175456022241
      }
    },
    {
      "epoch": 3,
      "training": {
        "output_distribution": {
          "mean": 0.25484082102775574,
          "std": 0.741861879825592,
          "max": 1.969534993171692,
          "min": -2.9444446563720703,
          "histogram": [
            1,
            1,
            0,
            0,
            1,
            1,
            1,
            1,
            4,
            1,
            9,
            15,
            19,
            20,
            19,
            14,
            7,
            3,
            2,
            1
          ]
        }
      },
      "validation": {
        "output_distribution": {
          "mean": -0.04744283854961395,
          "std": 0.3328319787979126,
          "max": 0.30428996682167053,
          "min": -0.4907507002353668,
          "histogram": [
            3,
            13,
            21,
            12,
            7,
            2,
            1,
            1,
            0,
            0,
            0,
            0,
            0,
            0,
            0,
            0,
            0,
            1,
            7,
            52
          ]
        }
      },
      "gradients": {
        "mean": 1.8853789030187142,
        "std": 0.9089668576223373,
        "max": 3.19939789782416,
        "min": 0.7928927145802281
      }
    }
  ]
}